"","cluster","counts","proportions"
"1","civil",3024,0.0768898268453304
"2","security",3546,0.0901624755269648
"3","political",6727,0.171044267588802
"4","childmigrants",9930,0.252485443311551
"5","women",7979,0.202878283200692
"6","discrimination",7166,0.182206514276997
"7","socio.econ",8364,0.212667497266648
